Cliente,Perfil,Tipo,Email,ID Cartão Sócio,Localizador,clubeFavorito,Ultima Compra,Gênero,Faixa Etária,Familia,Ticket Médio
Rhett Whitmeyer,00e410000016Nx8AAE,PF,rhett.whitmeyer@bol.com.br,SAMS-38917,LOC-SAMS36358,Bom Retiro,mai,F,acima de 50 anos,Matinais,532
Toby Oge,00e410000016NxGAAU,PF,toby.oge@bol.com.br,SAMS-45592,LOC-SAMS60257,Niterói,mai,F,acima de 50 anos,Matinais,568
Ahmad Tilson,00e410000016NwWAAU,PF,ahmad.tilson@oi.com.br,SAMS-62251,LOC-SAMS63595,Bom Retiro,ago,F,acima de 50 anos,Matinais,487
Alayna Hippler,00e410000016NxGAAU,PF,alayna.hippler@yahoo.com.br,SAMS-22668,LOC-SAMS16964,Vitória,mar,F,de 40 até 50 anos,Papelaria,602
Rosendo Rajan,00e410000016NwWAAU,PF,rosendo.rajan@hotmail.com,SAMS-35855,LOC-SAMS22207,Linha Amarela,fev,M,de 40 até 50 anos,Papelaria,501
Lala Ellias,00e410000016NwWAAU,PJ,lala.ellias@folha.com.br,SAMS-23646,LOC-SAMS15796,Tamboré,nov,F,Abaixo de 30 anos,Descartáveis,770
Naida Arnt,00e410000016NwWAAU,PF,naida.arnt@uol.com.br,SAMS-30841,LOC-SAMS6037,São José dos Campos,abr,M,acima de 50 anos,Matinais,523
Austin Lirag,00e410000016Nx8AAE,PF,austin.lirag@pop.com.br,SAMS-11004,LOC-SAMS48273,São Caetano do Sul,set,M,de 40 até 50 anos,Molhos e Temperos,444
Sabrina Songco,00e410000016NxGAAU,PJ,sabrina.songco@pop.com.br,SAMS-22739,LOC-SAMS61021,Brasília,set,M,Abaixo de 30 anos,Limpeza,600
Tonie Vannatter,00e410000016NxGAAU,PJ,tonie.vannatter@oi.com.br,SAMS-12080,LOC-SAMS13537,Bom Retiro,ago,F,Abaixo de 30 anos,Limpeza,567
Cleopatra Jacquot,00e410000016Nx8AAE,PF,cleopatra.jacquot@r7.com,SAMS-23600,LOC-SAMS47599,Guarulhos,out,F,acima de 50 anos,Matinais,401
Humberto Cubillo,00e410000016NxGAAU,PJ,humberto.cubillo@hotmail.com,SAMS-33686,LOC-SAMS46730,São Bernardo do Campo,fev,M,Abaixo de 30 anos,Descartáveis,641
Emanuel Fassler,00e410000016NwWAAU,PJ,emanuel.fassler@bol.com.br,SAMS-9690,LOC-SAMS12227,Radial Leste,mai,M,Abaixo de 30 anos,Limpeza,676
Phyllis Kapsner,00e410000016Nx8AAE,PJ,phyllis.kapsner@folha.com.br,SAMS-43449,LOC-SAMS8181,Contagem,nov,F,Abaixo de 30 anos,Descartáveis,762
Thao Sarni,00e410000016NwjAAE,PJ,thao.sarni@r7.com,SAMS-33988,LOC-SAMS34462,Águas Claras,out,F,de 30 até 40 anos,Conservas,629
Darnell Lisy,00e410000016NwjAAE,PF,darnell.lisy@r7.com,SAMS-48370,LOC-SAMS21241,Guarulhos,out,M,acima de 50 anos,Infantil,493
Ned Castillanos,00e410000016Nx8AAE,PJ,ned.castillanos@yahoo.com.br,SAMS-55189,LOC-SAMS16650,Santo Amaro,mar,F,Abaixo de 30 anos,Limpeza,574
Clara Santistevan,00e410000016NwWAAU,PF,clara.santistevan@folha.com.br,SAMS-21529,LOC-SAMS47667,Salvador,nov,F,de 40 até 50 anos,Papelaria,486
Dusti Marcelli,00e410000016Nx8AAE,PF,dusti.marcelli@pop.com.br,SAMS-27755,LOC-SAMS38542,Maceió,set,M,de 40 até 50 anos,Papelaria,620
Branda Lebrun,00e410000016NwjAAE,PF,branda.lebrun@bol.com.br,SAMS-14205,LOC-SAMS35857,Radial Leste,mai,F,de 40 até 50 anos,Molhos e Temperos,552
Breanne Twitty,00e410000016NxGAAU,PF,breanne.twitty@zipmail.com.br,SAMS-2381,LOC-SAMS23495,Brasília,dez,M,de 40 até 50 anos,Molhos e Temperos,715
Franklyn Bosheers,00e410000016NxGAAU,PF,franklyn.bosheers@bol.com.br,SAMS-51553,LOC-SAMS22746,Niterói,mai,M,acima de 50 anos,Matinais,524
Margret Holihan,00e410000016NxGAAU,PJ,margret.holihan@yahoo.com.br,SAMS-47581,LOC-SAMS47594,Curitiba - Atuba,mar,F,Abaixo de 30 anos,Limpeza,706
Claudette Maione,00e410000016NwWAAU,PF,claudette.maione@zipmail.com.br,SAMS-26580,LOC-SAMS19649,São Caetano do Sul,dez,F,de 40 até 50 anos,Molhos e Temperos,655
Oneida Pirre,00e410000016Nx8AAE,PJ,oneida.pirre@gmail.com,SAMS-4812,LOC-SAMS45991,Guarulhos,jan,F,Abaixo de 30 anos,Descartáveis,500
Cherryl Bullivant,00e410000016NxGAAU,PJ,cherryl.bullivant@zipmail.com.br,SAMS-2708,LOC-SAMS20897,São Caetano do Sul,dez,M,Abaixo de 30 anos,Descartáveis,727
Rafael Lanzarin,00e410000016Nx8AAE,PF,rafael.lanzarin@globomail.com,SAMS-61580,LOC-SAMS20516,Guarulhos,jul,M,de 40 até 50 anos,Papelaria,514
Roselyn Armel,00e410000016NwWAAU,PF,roselyn.armel@gmail.com,SAMS-60718,LOC-SAMS41728,São José dos Campos,jan,M,acima de 50 anos,Infantil,436
Maryellen Zientek,00e410000016NxGAAU,PF,maryellen.zientek@folha.com.br,SAMS-37770,LOC-SAMS40658,Bom Retiro,nov,F,de 40 até 50 anos,Molhos e Temperos,438
Antonietta Mems,00e410000016Nx8AAE,PJ,antonietta.mems@hotmail.com,SAMS-27405,LOC-SAMS57514,Niterói,fev,M,de 30 até 40 anos,Conservas,497
Yadira Hurm,00e410000016NwWAAU,PJ,yadira.hurm@hotmail.com,SAMS-61700,LOC-SAMS62607,Radial Leste,fev,M,de 30 até 40 anos,Higiene,705
Luigi Makris,00e410000016Nx8AAE,PJ,luigi.makris@hotmail.com,SAMS-58261,LOC-SAMS64191,Salvador,fev,M,de 30 até 40 anos,Conservas,741
Hosea Raskey,00e410000016NxGAAU,PF,hosea.raskey@folha.com.br,SAMS-6064,LOC-SAMS14774,Niterói,nov,M,de 40 até 50 anos,Papelaria,434
Danette Radziewicz,00e410000016Nx8AAE,PF,danette.radziewicz@globomail.com,SAMS-4774,LOC-SAMS10136,São José dos Campos,jul,F,acima de 50 anos,Matinais,750
Darleen Dambrozio,00e410000016NxGAAU,PF,darleen.dambrozio@oi.com.br,SAMS-9861,LOC-SAMS6589,Linha Amarela,ago,F,de 40 até 50 anos,Papelaria,519
Han Takach,00e410000016NwjAAE,PJ,han.takach@globomail.com,SAMS-27513,LOC-SAMS46669,Campinas,jul,F,Abaixo de 30 anos,Descartáveis,682
Isobel Autery,00e410000016NwWAAU,PJ,isobel.autery@zipmail.com.br,SAMS-47598,LOC-SAMS31221,Curitiba - Atuba,dez,F,Abaixo de 30 anos,Limpeza,695
Odell Strowe,00e410000016NwjAAE,PF,odell.strowe@folha.com.br,SAMS-4389,LOC-SAMS30381,Radial Leste,nov,F,acima de 50 anos,Infantil,662
Taryn Fridal,00e410000016NxGAAU,PF,taryn.fridal@uol.com.br,SAMS-55213,LOC-SAMS27097,Ribeirão Preto,abr,M,acima de 50 anos,Matinais,555
Kaci Marrapodi,00e410000016NwjAAE,PJ,kaci.marrapodi@bol.com.br,SAMS-14746,LOC-SAMS57891,São Bernardo do Campo,mai,F,de 30 até 40 anos,Higiene,552
Wyatt Breda,00e410000016NwWAAU,PJ,wyatt.breda@yahoo.com.br,SAMS-10188,LOC-SAMS33352,Recife,mar,M,Abaixo de 30 anos,Descartáveis,586
Hyon Wengert,00e410000016Nx8AAE,PF,hyon.wengert@pop.com.br,SAMS-21135,LOC-SAMS27644,Osasco,set,M,de 40 até 50 anos,Molhos e Temperos,480
Laveta Schiappa,00e410000016NwWAAU,PJ,laveta.schiappa@hotmail.com,SAMS-40103,LOC-SAMS57990,Radial Leste,fev,M,de 30 até 40 anos,Higiene,553
Brandi Stenman,00e410000016NwjAAE,PF,brandi.stenman@globomail.com,SAMS-28706,LOC-SAMS12073,Campinas,jul,M,de 40 até 50 anos,Papelaria,546
Cecily Fleishman,00e410000016NwjAAE,PF,cecily.fleishman@bol.com.br,SAMS-9377,LOC-SAMS35665,Tamboré,mai,M,de 40 até 50 anos,Molhos e Temperos,736
Eartha Snead,00e410000016NwjAAE,PF,eartha.snead@yahoo.com.br,SAMS-60216,LOC-SAMS5051,Goiânia,mar,F,de 40 até 50 anos,Papelaria,634
Bettie Wesly,00e410000016Nx8AAE,PF,bettie.wesly@uol.com.br,SAMS-32224,LOC-SAMS42656,Santo André,abr,F,de 40 até 50 anos,Papelaria,595
Derek Reinbold,00e410000016NxGAAU,PJ,derek.reinbold@pop.com.br,SAMS-793,LOC-SAMS53153,Santo Amaro,set,M,Abaixo de 30 anos,Limpeza,704
Charlie Billeck,00e410000016NwjAAE,PF,charlie.billeck@gmail.com,SAMS-37408,LOC-SAMS56184,Natal,jan,F,de 40 até 50 anos,Papelaria,792
Neville Magnusson,00e410000016NxGAAU,PF,neville.magnusson@hotmail.com,SAMS-11865,LOC-SAMS38924,Bom Retiro,fev,M,acima de 50 anos,Matinais,501
Lindsay Salano,00e410000016NwWAAU,PJ,lindsay.salano@yahoo.com.br,SAMS-13038,LOC-SAMS26800,São Caetano do Sul,mar,F,de 30 até 40 anos,Conservas,738
Guillermo Wildrick,00e410000016NwWAAU,PF,guillermo.wildrick@zipmail.com.br,SAMS-71,LOC-SAMS18454,Vitória,dez,F,de 40 até 50 anos,Papelaria,487
Bryanna Pekrul,00e410000016NwWAAU,PJ,bryanna.pekrul@pop.com.br,SAMS-41961,LOC-SAMS37396,Osasco,set,M,de 30 até 40 anos,Conservas,680
Connie Turbiner,00e410000016Nx8AAE,PF,connie.turbiner@ig.com.br,SAMS-20812,LOC-SAMS13716,Goiânia,jun,M,acima de 50 anos,Infantil,541
Leonora Sukhu,00e410000016NxGAAU,PJ,leonora.sukhu@oi.com.br,SAMS-57865,LOC-SAMS7363,Linha Amarela,ago,F,de 30 até 40 anos,Higiene,583
Filiberto Nowick,00e410000016NwjAAE,PJ,filiberto.nowick@bol.com.br,SAMS-15371,LOC-SAMS48800,São Bernardo do Campo,mai,F,Abaixo de 30 anos,Limpeza,488
Alissa Hibble,00e410000016Nx8AAE,PF,alissa.hibble@globomail.com,SAMS-46664,LOC-SAMS63517,Porto Alegre,jul,F,acima de 50 anos,Infantil,610
Hannah Bergsman,00e410000016Nx8AAE,PF,hannah.bergsman@zipmail.com.br,SAMS-384,LOC-SAMS38233,Goiânia,dez,M,de 40 até 50 anos,Papelaria,423
Callie Widrig,00e410000016Nx8AAE,PJ,callie.widrig@globomail.com,SAMS-7403,LOC-SAMS53404,Águas Claras,jul,F,Abaixo de 30 anos,Descartáveis,690
Lillian Luss,00e410000016Nx8AAE,PF,lillian.luss@hotmail.com,SAMS-8807,LOC-SAMS20542,Linha Amarela,fev,M,acima de 50 anos,Infantil,629
Ling Woodford,00e410000016NxGAAU,PJ,ling.woodford@yahoo.com.br,SAMS-50892,LOC-SAMS39686,Santo Amaro,mar,M,Abaixo de 30 anos,Limpeza,530
Valeri Dusik,00e410000016NwWAAU,PJ,valeri.dusik@uol.com.br,SAMS-51834,LOC-SAMS56215,Curitiba - Barigui,abr,M,Abaixo de 30 anos,Limpeza,627
Masako Wieto,00e410000016NwWAAU,PJ,masako.wieto@hotmail.com,SAMS-10417,LOC-SAMS40254,Niterói,fev,F,de 30 até 40 anos,Higiene,781
Allene Hugee,00e410000016NxGAAU,PF,allene.hugee@r7.com,SAMS-48390,LOC-SAMS62665,Águas Claras,out,F,acima de 50 anos,Matinais,461
Loan Wahs,00e410000016NwjAAE,PJ,loan.wahs@oi.com.br,SAMS-18482,LOC-SAMS44093,Tamboré,ago,F,de 30 até 40 anos,Higiene,599
Marilou Kohn,00e410000016NxGAAU,PF,marilou.kohn@pop.com.br,SAMS-62772,LOC-SAMS44619,Maceió,set,M,de 40 até 50 anos,Papelaria,784
Veda Feraco,00e410000016NxGAAU,PF,veda.feraco@oi.com.br,SAMS-58086,LOC-SAMS7424,Tamboré,ago,M,de 40 até 50 anos,Molhos e Temperos,759
Mora Creeley,00e410000016NwjAAE,PF,mora.creeley@ig.com.br,SAMS-58558,LOC-SAMS32624,Vitória,jun,F,acima de 50 anos,Infantil,601
Birgit Gravitt,00e410000016NwWAAU,PF,birgit.gravitt@uol.com.br,SAMS-63864,LOC-SAMS31245,São José dos Campos,abr,F,de 40 até 50 anos,Molhos e Temperos,491
Lizeth Paulas,00e410000016NwWAAU,PF,lizeth.paulas@oi.com.br,SAMS-10618,LOC-SAMS44351,São Bernardo do Campo,ago,F,de 40 até 50 anos,Molhos e Temperos,719
Katina Batchelder,00e410000016NxGAAU,PF,katina.batchelder@r7.com,SAMS-52885,LOC-SAMS11627,Campinas,out,M,de 40 até 50 anos,Papelaria,713
Tran Vanskike,00e410000016NwjAAE,PJ,tran.vanskike@oi.com.br,SAMS-3743,LOC-SAMS21145,São Bernardo do Campo,ago,F,de 30 até 40 anos,Higiene,639
Corene Colafrancesco,00e410000016NwWAAU,PF,corene.colafrancesco@r7.com,SAMS-2785,LOC-SAMS21707,Guarulhos,out,F,acima de 50 anos,Matinais,753
Richard Sule,00e410000016Nx8AAE,PJ,richard.sule@uol.com.br,SAMS-3517,LOC-SAMS53439,Ribeirão Preto,abr,M,Abaixo de 30 anos,Descartáveis,591
Zada Smyntek,00e410000016Nx8AAE,PF,zada.smyntek@globomail.com,SAMS-164,LOC-SAMS33884,Campinas,jul,F,de 40 até 50 anos,Molhos e Temperos,614
Bennett Primo,00e410000016Nx8AAE,PJ,bennett.primo@gmail.com,SAMS-45634,LOC-SAMS27472,Guarulhos,jan,F,de 30 até 40 anos,Higiene,596
Iola Tower,00e410000016NxGAAU,PJ,iola.tower@oi.com.br,SAMS-12794,LOC-SAMS21813,Niterói,ago,M,Abaixo de 30 anos,Limpeza,443
Leanne Hulzing,00e410000016NxGAAU,PF,leanne.hulzing@oi.com.br,SAMS-26992,LOC-SAMS58097,Fortaleza,ago,F,de 40 até 50 anos,Papelaria,567
Maris Lempicki,00e410000016NwjAAE,PF,maris.lempicki@oi.com.br,SAMS-50108,LOC-SAMS50139,Niterói,ago,F,acima de 50 anos,Matinais,611
Ryann Hassell,00e410000016Nx8AAE,PJ,ryann.hassell@uol.com.br,SAMS-59571,LOC-SAMS31062,São José dos Campos,abr,M,de 30 até 40 anos,Higiene,671
Jimmy Arabajian,00e410000016NwjAAE,PJ,jimmy.arabajian@gmail.com,SAMS-22702,LOC-SAMS16162,Ribeirão Preto,jan,F,de 30 até 40 anos,Conservas,548
Sherrie Lychwala,00e410000016NxGAAU,PJ,sherrie.lychwala@oi.com.br,SAMS-26983,LOC-SAMS52015,Fortaleza,ago,M,Abaixo de 30 anos,Descartáveis,707
Detra Mascaro,00e410000016NxGAAU,PJ,detra.mascaro@r7.com,SAMS-24651,LOC-SAMS16485,Natal,out,F,Abaixo de 30 anos,Limpeza,785
Delphine Showes,00e410000016NxGAAU,PF,delphine.showes@pop.com.br,SAMS-39141,LOC-SAMS52799,Vitória,set,M,acima de 50 anos,Matinais,424
Magali Biddinger,00e410000016NwWAAU,PJ,magali.biddinger@pop.com.br,SAMS-20918,LOC-SAMS9665,Vitória,set,F,de 30 até 40 anos,Higiene,608
Maryanne Ginn,00e410000016NxGAAU,PJ,maryanne.ginn@globomail.com,SAMS-5550,LOC-SAMS10667,Campinas,jul,M,Abaixo de 30 anos,Limpeza,630
Evangeline Thiem,00e410000016Nx8AAE,PJ,evangeline.thiem@zipmail.com.br,SAMS-64996,LOC-SAMS39263,Maceió,dez,F,de 30 até 40 anos,Higiene,531
Mellissa Hennick,00e410000016NwjAAE,PJ,mellissa.hennick@oi.com.br,SAMS-20547,LOC-SAMS1790,Salvador,ago,F,de 30 até 40 anos,Higiene,543
Susie Vogtlin,00e410000016Nx8AAE,PJ,susie.vogtlin@yahoo.com.br,SAMS-61346,LOC-SAMS33979,Brasília,mar,M,Abaixo de 30 anos,Limpeza,622
Matthew Payan,00e410000016NxGAAU,PJ,matthew.payan@folha.com.br,SAMS-19357,LOC-SAMS52468,Linha Amarela,nov,M,de 30 até 40 anos,Higiene,430
Kasha Bluming,00e410000016NwjAAE,PF,kasha.bluming@gmail.com,SAMS-36876,LOC-SAMS5048,Natal,jan,M,de 40 até 50 anos,Papelaria,736
Shantelle Wucherer,00e410000016Nx8AAE,PJ,shantelle.wucherer@ig.com.br,SAMS-17305,LOC-SAMS61552,Recife,jun,M,de 30 até 40 anos,Conservas,761
Hui Falker,00e410000016NwjAAE,PF,hui.falker@bol.com.br,SAMS-566,LOC-SAMS46002,Linha Amarela,mai,F,de 40 até 50 anos,Molhos e Temperos,424
Deetta Moers,00e410000016Nx8AAE,PF,deetta.moers@pop.com.br,SAMS-42681,LOC-SAMS55794,Santo Amaro,set,F,acima de 50 anos,Infantil,756
Britt Balazs,00e410000016NwjAAE,PJ,britt.balazs@oi.com.br,SAMS-45282,LOC-SAMS23198,Fortaleza,ago,F,Abaixo de 30 anos,Descartáveis,503
Sonny Sarnes,00e410000016Nx8AAE,PF,sonny.sarnes@pop.com.br,SAMS-58927,LOC-SAMS18601,Vitória,set,M,de 40 até 50 anos,Molhos e Temperos,628
Keenan Cuzick,00e410000016NwWAAU,PF,keenan.cuzick@oi.com.br,SAMS-6228,LOC-SAMS61364,Niterói,ago,F,de 40 até 50 anos,Papelaria,583
Melynda Fonville,00e410000016NxGAAU,PJ,melynda.fonville@globomail.com,SAMS-44685,LOC-SAMS4628,Porto Alegre,jul,F,de 30 até 40 anos,Higiene,674
Randee Fistler,00e410000016NwjAAE,PJ,randee.fistler@globomail.com,SAMS-45275,LOC-SAMS25226,Guarulhos,jul,M,Abaixo de 30 anos,Descartáveis,570
Claude Pratka,00e410000016Nx8AAE,PF,claude.pratka@pop.com.br,SAMS-2684,LOC-SAMS9139,São Caetano do Sul,set,M,de 40 até 50 anos,Papelaria,764
Elliott Stickler,00e410000016NwWAAU,PF,elliott.stickler@r7.com,SAMS-62389,LOC-SAMS45152,Curitiba - Barigui,out,M,de 40 até 50 anos,Papelaria,693
Stacy Free,00e410000016NwWAAU,PJ,stacy.free@bol.com.br,SAMS-24371,LOC-SAMS64159,Radial Leste,mai,M,Abaixo de 30 anos,Descartáveis,400
An Tak,00e410000016NxGAAU,PF,an.tak@ig.com.br,SAMS-64360,LOC-SAMS9955,Maceió,jun,M,de 40 até 50 anos,Molhos e Temperos,681
Tristan Koonz,00e410000016NwjAAE,PJ,tristan.koonz@oi.com.br,SAMS-39304,LOC-SAMS58328,Fortaleza,ago,M,Abaixo de 30 anos,Descartáveis,599
Glen Arcoraci,00e410000016Nx8AAE,PJ,glen.arcoraci@gmail.com,SAMS-24005,LOC-SAMS40078,Ribeirão Preto,jan,F,Abaixo de 30 anos,Limpeza,656
Alisha Craighead,00e410000016NwWAAU,PJ,alisha.craighead@oi.com.br,SAMS-13814,LOC-SAMS17184,Bom Retiro,ago,F,Abaixo de 30 anos,Limpeza,471
Katelin Nussbaum,00e410000016NwjAAE,PJ,katelin.nussbaum@oi.com.br,SAMS-15583,LOC-SAMS55971,Tamboré,ago,M,de 30 até 40 anos,Higiene,587
Dacia Gleich,00e410000016NxGAAU,PF,dacia.gleich@globomail.com,SAMS-7117,LOC-SAMS25193,Porto Alegre,jul,F,acima de 50 anos,Infantil,506
Reggie Caradine,00e410000016Nx8AAE,PF,reggie.caradine@bol.com.br,SAMS-33798,LOC-SAMS46209,Tamboré,mai,M,de 40 até 50 anos,Molhos e Temperos,680
Mitchell Mastenbrook,00e410000016NwWAAU,PF,mitchell.mastenbrook@folha.com.br,SAMS-54046,LOC-SAMS10239,Linha Amarela,nov,M,de 40 até 50 anos,Molhos e Temperos,518
Jettie Redshaw,00e410000016Nx8AAE,PF,jettie.redshaw@zipmail.com.br,SAMS-30401,LOC-SAMS59521,Maceió,dez,F,de 40 até 50 anos,Papelaria,491
Mauricio Kibbe,00e410000016NxGAAU,PJ,mauricio.kibbe@zipmail.com.br,SAMS-4030,LOC-SAMS5948,Goiânia,dez,F,de 30 até 40 anos,Conservas,655
Estell Osei,00e410000016Nx8AAE,PF,estell.osei@yahoo.com.br,SAMS-11485,LOC-SAMS11691,São Caetano do Sul,mar,F,acima de 50 anos,Infantil,534
Thu Stonerock,00e410000016NwjAAE,PF,thu.stonerock@oi.com.br,SAMS-32123,LOC-SAMS45489,Fortaleza,ago,M,acima de 50 anos,Matinais,627
Santos Siever,00e410000016NwWAAU,PJ,santos.siever@r7.com,SAMS-58378,LOC-SAMS18255,Campinas,out,M,Abaixo de 30 anos,Limpeza,749
Jessie Marentes,00e410000016NxGAAU,PF,jessie.marentes@folha.com.br,SAMS-24597,LOC-SAMS16954,Contagem,nov,F,acima de 50 anos,Infantil,718
Berry Aceveda,00e410000016NwjAAE,PF,berry.aceveda@pop.com.br,SAMS-29738,LOC-SAMS34373,Recife,set,F,de 40 até 50 anos,Molhos e Temperos,648
Patrice Dicola,00e410000016NxGAAU,PF,patrice.dicola@hotmail.com,SAMS-25593,LOC-SAMS38836,Radial Leste,fev,M,acima de 50 anos,Infantil,489
Han Riggings,00e410000016Nx8AAE,PJ,han.riggings@zipmail.com.br,SAMS-47069,LOC-SAMS13145,Osasco,dez,M,Abaixo de 30 anos,Descartáveis,747
Daysi Klafehn,00e410000016NxGAAU,PF,daysi.klafehn@oi.com.br,SAMS-46431,LOC-SAMS54116,Fortaleza,ago,F,acima de 50 anos,Infantil,487
Neal Mathison,00e410000016NxGAAU,PJ,neal.mathison@r7.com,SAMS-53727,LOC-SAMS34074,Ribeirão Preto,out,M,Abaixo de 30 anos,Limpeza,637
Joane Pisciotti,00e410000016NwjAAE,PF,joane.pisciotti@zipmail.com.br,SAMS-56616,LOC-SAMS47593,Recife,dez,F,de 40 até 50 anos,Papelaria,511
Arletha Narr,00e410000016NxGAAU,PJ,arletha.narr@r7.com,SAMS-56669,LOC-SAMS19870,Porto Alegre,out,M,Abaixo de 30 anos,Descartáveis,689
Eugena Harrigan,00e410000016NwjAAE,PJ,eugena.harrigan@folha.com.br,SAMS-23563,LOC-SAMS35561,Linha Amarela,nov,F,Abaixo de 30 anos,Descartáveis,450
Marquitta Bereznak,00e410000016NxGAAU,PF,marquitta.bereznak@folha.com.br,SAMS-29516,LOC-SAMS11242,São Bernardo do Campo,nov,F,acima de 50 anos,Infantil,762
Victor Ringquist,00e410000016Nx8AAE,PJ,victor.ringquist@globomail.com,SAMS-39989,LOC-SAMS37374,Natal,jul,F,Abaixo de 30 anos,Limpeza,474
Rufina Rough,00e410000016NwjAAE,PF,rufina.rough@r7.com,SAMS-61545,LOC-SAMS30212,Campinas,out,M,de 40 até 50 anos,Molhos e Temperos,465
Nenita Gettel,00e410000016Nx8AAE,PF,nenita.gettel@folha.com.br,SAMS-35271,LOC-SAMS3055,São Bernardo do Campo,nov,F,de 40 até 50 anos,Papelaria,590
Priscila Beren,00e410000016Nx8AAE,PF,priscila.beren@yahoo.com.br,SAMS-27251,LOC-SAMS6426,São Caetano do Sul,mar,M,de 40 até 50 anos,Molhos e Temperos,742
Daniele Darville,00e410000016NwjAAE,PJ,daniele.darville@ig.com.br,SAMS-24190,LOC-SAMS45448,Maceió,jun,F,de 30 até 40 anos,Conservas,793
Marcell Boane,00e410000016NwjAAE,PJ,marcell.boane@gmail.com,SAMS-43853,LOC-SAMS60821,São José dos Campos,jan,M,de 30 até 40 anos,Conservas,772
Amalia Custodio,00e410000016NwjAAE,PF,amalia.custodio@globomail.com,SAMS-29359,LOC-SAMS25072,Guarulhos,jul,F,de 40 até 50 anos,Molhos e Temperos,534
Elvie Salowitz,00e410000016NwjAAE,PJ,elvie.salowitz@gmail.com,SAMS-25976,LOC-SAMS28494,Curitiba - Barigui,jan,F,de 30 até 40 anos,Higiene,456
Ethelyn Greenleaf,00e410000016NwWAAU,PF,ethelyn.greenleaf@yahoo.com.br,SAMS-29828,LOC-SAMS55497,Goiânia,mar,F,de 40 até 50 anos,Papelaria,574
Abel Vener,00e410000016NwWAAU,PF,abel.vener@folha.com.br,SAMS-65076,LOC-SAMS27173,Bom Retiro,nov,M,acima de 50 anos,Infantil,638
Samara Kritikos,00e410000016NwjAAE,PJ,samara.kritikos@yahoo.com.br,SAMS-55368,LOC-SAMS16795,Santo Amaro,mar,M,de 30 até 40 anos,Higiene,514
Billi Mensi,00e410000016Nx8AAE,PF,billi.mensi@uol.com.br,SAMS-687,LOC-SAMS6114,São José dos Campos,abr,M,de 40 até 50 anos,Papelaria,619
Danita Kampen,00e410000016NwWAAU,PJ,danita.kampen@gmail.com,SAMS-48289,LOC-SAMS60698,Águas Claras,jan,M,Abaixo de 30 anos,Descartáveis,620
Pasty Pestronk,00e410000016NwWAAU,PF,pasty.pestronk@hotmail.com,SAMS-61919,LOC-SAMS17596,Niterói,fev,F,de 40 até 50 anos,Papelaria,413
Joycelyn Rushman,00e410000016NxGAAU,PJ,joycelyn.rushman@ig.com.br,SAMS-2596,LOC-SAMS39736,São Caetano do Sul,jun,F,Abaixo de 30 anos,Descartáveis,601
Billie Welde,00e410000016NxGAAU,PJ,billie.welde@bol.com.br,SAMS-60571,LOC-SAMS5908,Linha Amarela,mai,F,de 30 até 40 anos,Higiene,780
Jaclyn Gilpatrick,00e410000016Nx8AAE,PF,jaclyn.gilpatrick@zipmail.com.br,SAMS-44422,LOC-SAMS5394,Curitiba - Atuba,dez,F,de 40 até 50 anos,Molhos e Temperos,587
Sheldon Erkela,00e410000016NxGAAU,PF,sheldon.erkela@ig.com.br,SAMS-55181,LOC-SAMS53329,Recife,jun,F,de 40 até 50 anos,Molhos e Temperos,493
Kimberli Cornford,00e410000016Nx8AAE,PJ,kimberli.cornford@oi.com.br,SAMS-12625,LOC-SAMS26073,Fortaleza,ago,M,de 30 até 40 anos,Conservas,755
Patsy Kono,00e410000016NxGAAU,PF,patsy.kono@bol.com.br,SAMS-46002,LOC-SAMS12078,Fortaleza,mai,M,acima de 50 anos,Infantil,560
Quincy Lapidus,00e410000016Nx8AAE,PJ,quincy.lapidus@pop.com.br,SAMS-59939,LOC-SAMS33718,Vitória,set,M,Abaixo de 30 anos,Limpeza,552
Lacie Brett,00e410000016NwjAAE,PJ,lacie.brett@folha.com.br,SAMS-40164,LOC-SAMS11911,São Bernardo do Campo,nov,M,de 30 até 40 anos,Conservas,762
Carletta Beute,00e410000016NwjAAE,PF,carletta.beute@r7.com,SAMS-46529,LOC-SAMS57235,Águas Claras,out,F,acima de 50 anos,Matinais,429
Milan Pulley,00e410000016NwWAAU,PF,milan.pulley@pop.com.br,SAMS-23129,LOC-SAMS47538,Maceió,set,F,acima de 50 anos,Matinais,564
Nyla Gritton,00e410000016NxGAAU,PF,nyla.gritton@yahoo.com.br,SAMS-2123,LOC-SAMS33557,Vitória,mar,F,acima de 50 anos,Matinais,474
Alvera Middough,00e410000016Nx8AAE,PF,alvera.middough@bol.com.br,SAMS-25351,LOC-SAMS42017,Linha Amarela,mai,M,acima de 50 anos,Matinais,724
Abe Bhagat,00e410000016Nx8AAE,PF,abe.bhagat@folha.com.br,SAMS-5643,LOC-SAMS22598,Linha Amarela,nov,M,acima de 50 anos,Matinais,502
Danuta Fumero,00e410000016NxGAAU,PJ,danuta.fumero@yahoo.com.br,SAMS-14925,LOC-SAMS60428,Santo Amaro,mar,F,Abaixo de 30 anos,Descartáveis,514
Sharonda Suriano,00e410000016Nx8AAE,PF,sharonda.suriano@gmail.com,SAMS-46816,LOC-SAMS39363,Águas Claras,jan,M,de 40 até 50 anos,Molhos e Temperos,768
Cary Hogains,00e410000016NwjAAE,PF,cary.hogains@bol.com.br,SAMS-13538,LOC-SAMS32559,Salvador,mai,M,acima de 50 anos,Matinais,552
Corazon Tomidy,00e410000016NxGAAU,PF,corazon.tomidy@yahoo.com.br,SAMS-42975,LOC-SAMS31076,Recife,mar,F,de 40 até 50 anos,Molhos e Temperos,502
Yahaira Holley,00e410000016NxGAAU,PF,yahaira.holley@pop.com.br,SAMS-20764,LOC-SAMS44830,Maceió,set,M,de 40 até 50 anos,Molhos e Temperos,748
Carla Vulgamott,00e410000016Nx8AAE,PJ,carla.vulgamott@globomail.com,SAMS-18480,LOC-SAMS13790,Natal,jul,M,de 30 até 40 anos,Higiene,454
Luther Bubert,00e410000016Nx8AAE,PJ,luther.bubert@r7.com,SAMS-59685,LOC-SAMS38118,Águas Claras,out,F,Abaixo de 30 anos,Limpeza,401
Robbyn Ditton,00e410000016Nx8AAE,PF,robbyn.ditton@uol.com.br,SAMS-59633,LOC-SAMS24218,Guarulhos,abr,F,acima de 50 anos,Matinais,607
Raymonde Truocchio,00e410000016NwWAAU,PF,raymonde.truocchio@hotmail.com,SAMS-7204,LOC-SAMS18280,Fortaleza,fev,M,de 40 até 50 anos,Molhos e Temperos,697
Bennie Sjostrom,00e410000016Nx8AAE,PJ,bennie.sjostrom@oi.com.br,SAMS-53373,LOC-SAMS39776,Fortaleza,ago,F,de 30 até 40 anos,Higiene,487
Mee Wetherby,00e410000016NwWAAU,PJ,mee.wetherby@folha.com.br,SAMS-57641,LOC-SAMS13664,Niterói,nov,F,de 30 até 40 anos,Conservas,698
Emmy Quiett,00e410000016NwjAAE,PF,emmy.quiett@oi.com.br,SAMS-52696,LOC-SAMS47090,Bom Retiro,ago,M,de 40 até 50 anos,Molhos e Temperos,475
Jeanice Halseth,00e410000016NwjAAE,PF,jeanice.halseth@r7.com,SAMS-64250,LOC-SAMS17759,Santo André,out,M,de 40 até 50 anos,Papelaria,601
Neda Gizzi,00e410000016NwWAAU,PF,neda.gizzi@gmail.com,SAMS-2205,LOC-SAMS60056,Águas Claras,jan,F,de 40 até 50 anos,Papelaria,780
Luther Vanaman,00e410000016Nx8AAE,PJ,luther.vanaman@globomail.com,SAMS-61050,LOC-SAMS12156,Águas Claras,jul,F,Abaixo de 30 anos,Descartáveis,606
Rachal Peet,00e410000016NxGAAU,PF,rachal.peet@ig.com.br,SAMS-21993,LOC-SAMS38799,Brasília,jun,F,de 40 até 50 anos,Papelaria,629
Margo Boyko,00e410000016NwWAAU,PF,margo.boyko@zipmail.com.br,SAMS-37360,LOC-SAMS37856,Maceió,dez,F,de 40 até 50 anos,Papelaria,503
Deloris Choy,00e410000016NwjAAE,PJ,deloris.choy@yahoo.com.br,SAMS-30714,LOC-SAMS61138,Maceió,mar,M,Abaixo de 30 anos,Descartáveis,610
Joana Roberds,00e410000016NwjAAE,PJ,joana.roberds@globomail.com,SAMS-13713,LOC-SAMS40784,Guarulhos,jul,F,Abaixo de 30 anos,Limpeza,750
Kathline Upthegrove,00e410000016NwjAAE,PF,kathline.upthegrove@zipmail.com.br,SAMS-6353,LOC-SAMS31224,Brasília,dez,F,de 40 até 50 anos,Molhos e Temperos,627
Hermine Espanol,00e410000016NwjAAE,PF,hermine.espanol@folha.com.br,SAMS-56546,LOC-SAMS64697,Linha Amarela,nov,M,acima de 50 anos,Infantil,666
Ellyn Salters,00e410000016Nx8AAE,PF,ellyn.salters@ig.com.br,SAMS-4367,LOC-SAMS33860,Goiânia,jun,F,acima de 50 anos,Infantil,473
Rene Ferdico,00e410000016NwWAAU,PF,rene.ferdico@uol.com.br,SAMS-25764,LOC-SAMS17854,Porto Alegre,abr,F,de 40 até 50 anos,Papelaria,767
Loria Hakkila,00e410000016NwjAAE,PJ,loria.hakkila@ig.com.br,SAMS-1093,LOC-SAMS2350,Recife,jun,F,de 30 até 40 anos,Conservas,465
Claretta Verbit,00e410000016NxGAAU,PJ,claretta.verbit@zipmail.com.br,SAMS-36154,LOC-SAMS41301,São Caetano do Sul,dez,M,Abaixo de 30 anos,Descartáveis,711
Kim Varella,00e410000016NwWAAU,PF,kim.varella@bol.com.br,SAMS-26342,LOC-SAMS51085,Radial Leste,mai,F,acima de 50 anos,Matinais,744
Hortense Hatake,00e410000016Nx8AAE,PJ,hortense.hatake@folha.com.br,SAMS-35423,LOC-SAMS36793,São Bernardo do Campo,nov,F,Abaixo de 30 anos,Limpeza,702
Carol Vandever,00e410000016NwWAAU,PF,carol.vandever@hotmail.com,SAMS-38311,LOC-SAMS4061,Salvador,fev,M,de 40 até 50 anos,Papelaria,793
Theda Holly,00e410000016NwWAAU,PJ,theda.holly@uol.com.br,SAMS-60562,LOC-SAMS45005,Santo André,abr,M,Abaixo de 30 anos,Limpeza,791
Crissy Bobbs,00e410000016Nx8AAE,PJ,crissy.bobbs@yahoo.com.br,SAMS-61961,LOC-SAMS26665,Santo Amaro,mar,F,de 30 até 40 anos,Higiene,798
Racheal Halliwell,00e410000016Nx8AAE,PJ,racheal.halliwell@bol.com.br,SAMS-49336,LOC-SAMS16421,Radial Leste,mai,F,de 30 até 40 anos,Conservas,560
Ciara Murrin,00e410000016Nx8AAE,PF,ciara.murrin@folha.com.br,SAMS-34133,LOC-SAMS2838,Tamboré,nov,F,acima de 50 anos,Matinais,622
Arianna Twombly,00e410000016NxGAAU,PF,arianna.twombly@ig.com.br,SAMS-53288,LOC-SAMS2750,Recife,jun,F,acima de 50 anos,Matinais,721
Hester Henderosn,00e410000016Nx8AAE,PJ,hester.henderosn@gmail.com,SAMS-32418,LOC-SAMS57923,Porto Alegre,jan,F,de 30 até 40 anos,Higiene,452
Lakeisha Ravenhorst,00e410000016Nx8AAE,PF,lakeisha.ravenhorst@globomail.com,SAMS-15576,LOC-SAMS24362,Santo André,jul,F,de 40 até 50 anos,Molhos e Temperos,586
Barrett Pfeffer,00e410000016NwWAAU,PF,barrett.pfeffer@r7.com,SAMS-38576,LOC-SAMS17958,São José dos Campos,out,M,acima de 50 anos,Infantil,649
Lizzie Grater,00e410000016Nx8AAE,PF,lizzie.grater@gmail.com,SAMS-12243,LOC-SAMS44096,Ribeirão Preto,jan,F,de 40 até 50 anos,Papelaria,452
Aron Hallett,00e410000016Nx8AAE,PJ,aron.hallett@zipmail.com.br,SAMS-21854,LOC-SAMS5036,Maceió,dez,F,de 30 até 40 anos,Conservas,543
Jamison Lafrate,00e410000016NwWAAU,PJ,jamison.lafrate@hotmail.com,SAMS-42398,LOC-SAMS42490,Salvador,fev,M,de 30 até 40 anos,Conservas,697
Tillie Schwartz,00e410000016NxGAAU,PF,tillie.schwartz@folha.com.br,SAMS-37345,LOC-SAMS60727,Salvador,nov,F,acima de 50 anos,Matinais,506
Bridgett Rasely,00e410000016NwjAAE,PF,bridgett.rasely@globomail.com,SAMS-11730,LOC-SAMS49858,Santo André,jul,F,de 40 até 50 anos,Molhos e Temperos,418
Loise Chiverton,00e410000016Nx8AAE,PJ,loise.chiverton@ig.com.br,SAMS-31816,LOC-SAMS4753,Brasília,jun,M,Abaixo de 30 anos,Limpeza,529
Elvia Winkelman,00e410000016NwjAAE,PF,elvia.winkelman@uol.com.br,SAMS-55034,LOC-SAMS38475,Porto Alegre,abr,M,de 40 até 50 anos,Papelaria,415
Gaylene Augusta,00e410000016NwWAAU,PF,gaylene.augusta@pop.com.br,SAMS-53660,LOC-SAMS34965,Goiânia,set,M,de 40 até 50 anos,Molhos e Temperos,608
Kati Bosque,00e410000016NwjAAE,PJ,kati.bosque@pop.com.br,SAMS-52101,LOC-SAMS57439,Vitória,set,F,de 30 até 40 anos,Higiene,540
Cordie Sonders,00e410000016NwjAAE,PJ,cordie.sonders@zipmail.com.br,SAMS-35909,LOC-SAMS25581,Vitória,dez,M,de 30 até 40 anos,Higiene,591
Sang Andreas,00e410000016NwWAAU,PJ,sang.andreas@pop.com.br,SAMS-28880,LOC-SAMS51384,Osasco,set,M,Abaixo de 30 anos,Limpeza,524
Denae Knott,00e410000016NwjAAE,PF,denae.knott@oi.com.br,SAMS-51494,LOC-SAMS56185,Fortaleza,ago,M,acima de 50 anos,Matinais,579
